{
  "puzzleSize": {
    "rows": 2,
    "columns": 2
  },
  "pieceSize": {
    "x": 192.0,
    "y": 108.0
  },
  "margin": 65,
  "pieces": {
    "0_0": {
      "joints": {
        "0_1": {
          "x": 112.25,
          "y": 0.0
        },
        "1_0": {
          "x": 0.0,
          "y": 70.25
        }
      }
    },
    "0_1": {
      "joints": {
        "1_1": {
          "x": 0.0,
          "y": 70.25
        },
        "0_0": {
          "x": -79.75,
          "y": 0.0
        }
      }
    },
    "1_0": {
      "joints": {
        "0_0": {
          "x": 0.0,
          "y": -37.75
        },
        "1_1": {
          "x": 112.25,
          "y": 0.0
        }
      }
    },
    "1_1": {
      "joints": {
        "0_1": {
          "x": 0.0,
          "y": -37.75
        },
        "1_0": {
          "x": -79.75,
          "y": 0.0
        }
      }
    }
  }
}